name,city,roomCost
Hotel-Pas-Cher,Paris,50
Douglas-Bahringer,Siliana,166
Marks Group,Khok Sung,183
Murphy Inc,Liudu,238
"Nicolas, Schimmel and Macejkovic",Taquari,95
McLaughlin LLC,Buffalo,174
Herzog-Lind,Sanhe,81
Kozey-Cole,Dolní Bečva,112
Bartell Inc,Amparafaravola,267
Grant and Sons,Adtugan,267
"Stoltenberg, Marks and Considine",Limoges,55
Lowe-Collins,Santa Anita,249
"Eichmann, Keebler and Graham",Speightstown,279
Eichmann Group,Cannes,142
"Ferry, Wolff and Gottlieb",Dầu Tiếng,157
Senger Inc,Higashimurayama-shi,149
"Doyle, Kulas and Mosciski",Mahaba,136
"Collier, Grady and Connelly",Calmar,249
Braun and Sons,Tapes,256
Flatley Inc,Birayang,121
Lang-Gutmann,Nova Viçosa,166
Gibson-Ledner,Independencia,86
Hickle-Schneider,Nancheng,299
"Wyman, Altenwerth and Weissnat",Huangji,97
Von LLC,Dzhebariki-Khaya,79
Goyette-Davis,Luleå,50
Leuschke-Upton,Wingham,224
Cremin-Hudson,Lindong,281
Schinner Group,Weishui,125
"Greenholt, Balistreri and Beahan",Tongqian,87
"Pacocha, Prosacco and Goyette",Thành Phố Hà Giang,282
"Spencer, Goyette and Frami",Karanglo,199
"Thompson, Romaguera and Monahan",Mtsensk,278
Kuvalis LLC,Hägersten,63
Dibbert Group,Cumba,252
Funk-Bernhard,Grazhdanka,109
Steuber LLC,Leuweheq,86
Goodwin Group,Baisangguan,120
"Ortiz, Kuhic and Dibbert",Khust,57
Frami-Shanahan,Villamontes,68
"Cruickshank, Reynolds and Klocko",Am Djarass,246
Kulas-Emmerich,Krásná Lípa,62
Hamill-Durgan,Trairi,214
"Macejkovic, O'Hara and Fahey",Mesógi,212
Hayes Inc,Lusambo,174
Langworth-Conn,Kwaluseni,145
"Schinner, Bartell and Schneider",Cerro Azul,169
Hickle-Schamberger,Nanxing,187
Ernser Group,Wołomin,248
Wyman-Champlin,Fresno,82
Collier LLC,Suhong,150
Marquardt Group,Magisterial,193
Pfeffer-Kling,Krasnaye,104
"Hudson, Lockman and Goodwin",Zhaoqing,136
"Douglas, O'Hara and Runolfsson",Runan,195
Murphy and Sons,Hässleholm,112
Johns Group,Hornówek,173
"Pfannerstill, Considine and Terry",Jinshandian,160
Dietrich LLC,Santa Cruz,283
Runolfsdottir LLC,Deder,226
Beier Group,Port Nolloth,190
Stamm Inc,Maungatapere,161
"Labadie, Goyette and Jakubowski",Indang,276
Funk-Fay,Khao Wong,87
Okuneva and Sons,Songmuping,262
"Schoen, Mraz and Champlin",Shcherbinka,249
Flatley-Welch,Marcara,96
Becker-Runte,Lashkar Gāh,229
"Heathcote, Green and VonRueden",Moncton,221
"Jones, Luettgen and Ritchie",Pailin,275
"Feil, Quigley and Sporer",Huskvarna,174
Williamson Inc,Ampelókipoi,104
Boyer and Sons,Lajinha,150
Kiehn Inc,Dagou,202
Berge-Schimmel,Gongnong,120
"Ortiz, Harris and Boyle",Zalishchyky,91
"Gorczany, Sanford and Wyman",Silago,256
Heller-Effertz,Zabrze,113
Kohler-Osinski,Saint-Denis,139
Conn Inc,Darkovice,117
Wilkinson-Hegmann,Bristol,189
Thompson Group,Pobé,257
Murray-Wiza,Isakly,235
Fahey-Hyatt,Loučeň,200
Russel-Raynor,Arlöv,240
"Runolfsdottir, Armstrong and Wilderman",Tournai,95
Fadel Group,Guider,144
Paucek-Torp,Zgornje Jezersko,203
"Kilback, Mertz and Will",Níkiti,226
"Klocko, Ruecker and Batz",Sapiranga,56
Effertz LLC,Telukpakedai,138
"Gerhold, Gaylord and Hermiston",Lökbatan,90
Gerlach Group,Barwałd Średni,240
Zboncak-Gutmann,Lifuta,62
Heller and Sons,Nowy Dwór Gdański,255
Medhurst and Sons,Monte do Outeiro,107
Windler-McCullough,Oesapa,127
Parisian-Orn,Ntobo,109
Herman-Muller,Ibirama,108
"Dicki, Romaguera and Barrows",Keli,280
"Schamberger, Bins and Stroman",Mondoteko,236
"West, Schmidt and Balistreri",Ojo de Agua,79
Effertz-Purdy,Pulaupanggung,166
Parker-Considine,Keffi,147
Cummings Inc,P’asanauri,253
"Bayer, Feest and Koelpin",Koten,223
"Herman, Swift and Bernier",Nejo,189
Ortiz Inc,Jiahe,61
Lind and Sons,Mogapinyana,186
Hintz LLC,Qiankou,170
"Hoppe, Towne and Mraz",Jesenice,109
"Tillman, Kuvalis and Vandervort",Bogolyubovo,67
Skiles-Wilkinson,Aral,253
Luettgen Inc,Goshogawara,145
"Hettinger, McDermott and Heathcote",Pau,147
Miller Inc,Skövde,238
"O'Conner, Jones and McGlynn",Wuyang,197
"Braun, Gislason and Ankunding",Sabtang,257
"Roob, Ruecker and Labadie",Savanna-la-Mar,290
Hand and Sons,Siraway,96
"Metz, Rodriguez and Bernier",Yiyang,125
Wuckert Inc,Chenfangji,67
Schimmel Inc,Tsukumiura,293
Feeney Inc,Johogunung,114
Ernser-Buckridge,Podosinovets,249
Smith-Dickinson,Capela,156
Parker LLC,Satis,71
"Schaden, Kuvalis and Kautzer",Jiaocha,229
Labadie LLC,Vesoul,63
Champlin LLC,Boskovice,202
"Bergstrom, Cassin and Schuppe",Vári,265
"Langworth, Armstrong and Adams",Energeticheskiy,51
Olson LLC,Ngurensiti,123
Welch-Hirthe,San Lucas,137
"Gleason, Bailey and Terry",Rancaranji,191
"Ledner, Herzog and Buckridge",Girihieum,255
Dietrich and Sons,Almeirim,94
Marks Group,Belize City,192
Medhurst-Homenick,Bailang,168
Fisher-Schowalter,Paris 20,56
Gislason Inc,Antonina,57
Volkman-Padberg,Cô Tô,109
Oberbrunner Inc,Beiwa,280
"Will, Runolfsson and Breitenberg",Goianira,251
"Zemlak, Konopelski and Rau",Priyutovo,265
Connelly-Lowe,Cortinhas,246
Yost-Stiedemann,Bollstabruk,272
Harvey-Weimann,Dubu,175
Murphy-Christiansen,Asahbadung,299
"Mills, Kuvalis and Wunsch",Livramento do Brumado,58
Dicki Inc,Krajan,129
Kerluke-Conn,Sawankhalok,287
"Littel, Wilkinson and Rempel",Nanyue,127
Osinski LLC,Thị Trấn Mộc Châu,168
Ryan-Okuneva,Yeping,141
Mertz-Harvey,Katakwi,247
"Yundt, Simonis and Upton",Tatariv,173
Toy-Hickle,Lyasny,149
Cartwright Inc,Pijao,240
Mante-Maggio,Yuezhao,250
Hoppe and Sons,Chlói,99
Dooley-Ankunding,Klimontów,278
O'Hara Group,Obudovac,178
Bernhard-Schaden,Karantaba,264
"Altenwerth, Schamberger and Heidenreich",Wiang Chiang Rung,233
"Boyer, Borer and Hayes",Doom,231
Eichmann and Sons,Prudentópolis,169
Frami-Flatley,Colorado Springs,153
"Herzog, Lueilwitz and Yundt",Joutseno,90
"Towne, Conn and Gutmann",Växjö,69
Ward Group,Dobříš,260
Hansen-Boyer,Lokwabe,165
Mann and Sons,Zhu’ao,157
"Langosh, Murphy and Hessel",Dikou,227
Champlin Group,Edosaki,184
Lowe Inc,Debre Sīna,156
"Stroman, Gleichner and Cronin",Brunflo,223
Cruickshank-Kuhn,Värnamo,229
"Jacobs, Mraz and Beahan",Layog,168
Effertz Group,Haarlem,82
"Wiza, Bogisich and Nikolaus",Brikama,190
Jacobs LLC,Igbo-Ukwu,194
Howe and Sons,Baraguá,94
"Kozey, Boyer and Ebert",Thionville,291
"Lebsack, Weimann and Boehm",Formosa do Rio Preto,222
Gutmann LLC,Yelizavetinskaya,250
"Denesik, Harvey and Beer",Qaffīn,119
"Ryan, Doyle and Mohr",Tor,233
Kilback-Pacocha,Barda,116
Feeney-Donnelly,Jataí,261
Lindgren-Wolff,Pyhäntä,85
"Thiel, Aufderhar and Senger",Teno,198
Krajcik-Okuneva,Medovene,190
"Boyle, Lueilwitz and Konopelski",Itupeva,294
Jacobson LLC,Verkhniy Landekh,262
Rowe-Conn,Caicó,68
Tremblay-West,Kezileboyi,110
"Becker, Heathcote and Lubowitz",Leticia,265
"Walsh, Pfeffer and Will",Zhanghekou,79
"Bode, Cole and Collier",Ponta da Garça,228
"Fahey, Keebler and Gerlach",Leixlip,100
Fay-Shields,Frederiksberg,160
"Jast, Padberg and Weimann",Pueblo Nuevo,288
Kuhn-Shanahan,Heřmanův Městec,129
Durgan-Monahan,Speightstown,227
Bogan-Raynor,Plaju,127
"Bergstrom, Satterfield and Nienow",Zgornje Bitnje,85
Hodkiewicz Inc,Hovězí,289
Gusikowski-Schoen,Bintang,215
Herman-Wintheiser,Ribeiro,112
"Thompson, Keebler and Simonis",Rancaranji,125
"Schamberger, Schroeder and Douglas",Marinići,101
"Franecki, O'Conner and Hansen",Liuzu,63
"Douglas, Bailey and Anderson",Shentang,135
Runolfsson Group,Zavoronezhskoye,70
"Russel, Hand and Fahey",Jarabacoa,64
Moore Inc,Zharkent,139
"Rempel, Daniel and Hettinger",Tutul,173
"Flatley, Friesen and Dickinson",Citambal,108
MacGyver-Cremin,Alcabideche,234
"Lueilwitz, Schimmel and Gusikowski",Orlová,160
"Williamson, Corkery and Schiller",Rozhdestveno,256
Lockman and Sons,Ipaba,51
Kris Inc,Bo Phloi,200
Hartmann-Shields,Naples,64
Torp Inc,Socorro,155
Rowe-Hahn,Ganjur,63
Jaskolski LLC,Rimbo,286
"Kunze, Pagac and Ortiz",Aix-en-Provence,52
Skiles Group,Yidu,87
Trantow Inc,Johanneshov,291
Stark-Jast,Hammarö,72
Stamm LLC,Al Ghayl,184
Konopelski Inc,Chengdong,210
Wiza and Sons,Wanfu,292
Walter-Rath,Hrabyně,63
"Monahan, Russel and Harris",Hongor,130
Hilll-Turcotte,San Francisco Zapotitlán,223
Prohaska-Runolfsdottir,Al Ghayl,135
Hoeger LLC,Neuzina,235
"Pouros, Lemke and Altenwerth",Norak,125
"Sporer, Wiegand and Bashirian",Keroka,214
Greenfelder-Klein,Chiguang,199
"Veum, McDermott and Mertz",Cijeungjing Kaler,52
Gislason-Rutherford,Apoya,189
Grady and Sons,Santiago de las Vegas,206
Wisozk and Sons,Fálanna,64
"Bernhard, Swift and Cruickshank",Wuyang,159
"Jast, Wisoky and West",Jesús María,201
"Grady, Schroeder and Schumm",Phichit,175
Jacobs-Berge,Kiryū,165
"Kuhic, Stokes and Feeney",Taiobeiras,295
"Kunze, Hermann and Hodkiewicz",Wichian Buri,278
"Steuber, Koelpin and Dietrich",Lenīnskīy,123
Runte-Dickinson,Beloostrov,226
Streich-Bosco,Yarmolyntsi,143
"Romaguera, Schultz and Rice",Nové Město pod Smrkem,153
Kuhic-Heidenreich,Clervaux,256
"Hamill, Beahan and Gorczany",Amvrosiyivka,265
Collier-Klein,Tabor,102
"Shields, Kutch and Satterfield",San Roque,70
Mills-Ratke,Pokrzywnica,280
"Dickinson, Little and Schaden",Nongba,173
Bartoletti and Sons,Douma,240
"Ankunding, Hartmann and MacGyver",Jolo,275
Johnson-Zieme,Eksjö,78
"Koelpin, Gislason and Wilkinson",Xinghua,275
Russel Inc,Daping,271
"Tromp, Dach and Tillman",Benevides,153
Price-Klocko,Montecristi,211
"Jakubowski, Schultz and Hermiston",Maun,79
Towne-Hilpert,Curahkalak Tengah,226
Mohr and Sons,Ḑubāh,235
Pagac-Christiansen,Ipoti,136
"Lang, Waelchi and Gusikowski",Xiangying,270
"Johns, Renner and Fisher",Kilindoni,179
Rippin and Sons,Huaping,123
"Robel, Becker and Gleason",Uherce Mineralne,150
Franecki and Sons,Ashikaga,84
"Boehm, Deckow and Zieme",Ciangir,51
VonRueden-Heller,Ruokolahti,52
Toy-Feeney,Jinsha,89
"Friesen, Bosco and Kihn",Volgorechensk,218
Cassin LLC,Mykolayiv,85
"Marks, Boehm and O'Connell",San Isidro,138
Casper-Buckridge,Figueiredo,166
Kihn-Reichel,Columbia,287
Keeling and Sons,Téra,266
Mertz Inc,Timrå,62
Kuphal Inc,Shangde,275
Mann-Reynolds,Maţāy,125
Glover and Sons,Mahīn,276
Morissette-Daniel,Katsuura,168
"Streich, Bednar and Hayes",Warmbaths,159
Sawayn and Sons,San Antonio,255
"Price, Kling and Bechtelar",Muli,149
"Bartoletti, Greenholt and Upton",Kakamas,169
"Bruen, Kris and Huel",Hudlice,68
Barton and Sons,Santa Cruz,185
Volkman Inc,Pokrovskoye-Streshnëvo,91
"Cronin, Green and Schowalter",Flic en Flac,58
Kuhic-O'Hara,Trucuk,235
McCullough-Rempel,Youlan,80
Hahn-Mayert,Croix,278
Olson-Harvey,Brooklyn,201
Smitham LLC,Lansing,70
Dibbert-Macejkovic,Chandmanĭ,272
"Bogisich, Trantow and Gleason",Bene 'Ayish,205
Braun-Greenfelder,Birendranagar,71
"Dietrich, Price and Torphy",São Tomé,271
Hintz and Sons,Philadelphia,218
Walsh Group,Khāliş,231
Kuphal Group,Chaves,298
Brakus Group,Wohyń,222
"Frami, Beer and Dibbert",Ostankinskiy,251
Simonis Inc,Gaoyan,202
Bogisich LLC,Jorong,163
Treutel and Sons,Aubagne,240
Hackett LLC,Balky,298
"Ortiz, Halvorson and Abbott",Ash Shuhadā’,229
"Ward, Schuppe and White",Pingdong,266
Beer LLC,Bilicenii Vechi,208
Bergstrom Group,Nomhon,102
Shanahan-Bashirian,Krylovskaya,284
"Brakus, Hoeger and Hudson",Iles,250
"Pollich, Legros and Marks",Marco,196
Little-Jast,L'Épiphanie,228
"Weimann, Gottlieb and Steuber",Itupiranga,271
Wunsch Inc,Montague,140
"Stokes, Farrell and Bechtelar",Nandayure,79
"McCullough, Daugherty and Bauch",Luga,214
Wisoky-Bogan,Vänersborg,292
Beier-Wyman,San Agustin,250
Sipes Group,Karlstad,184
"Quigley, Bergnaum and Wisozk",Harnoli,161
"Fay, Champlin and Klein",Zhanghua,183
Nitzsche-Cronin,Třemošnice,206
Rolfson-Cummerata,Lafayette,163
"Rogahn, Tremblay and Rogahn",Kuala Tuha,266
VonRueden-Adams,Rio Claro,130
Bashirian and Sons,Rafaï,246
"Ledner, Altenwerth and Pfannerstill",Huadian,76
Bergnaum-Luettgen,Metz,274
"Casper, Hoeger and Towne",Motong,125
"Anderson, Schultz and Dickens",Portëz,253
Kunde-Turner,Mets Parni,238
Block-Roberts,Köln,205
Kessler-Osinski,Sankt Lorenzen im Mürztal,87
Murphy Inc,Sumanding,245
"Muller, Rice and Ullrich",Drien Rampak,230
"Beahan, Steuber and Sawayn",San Juan Ixcoy,268
"Gerhold, Roberts and Mayer",Chavarría,219
Feil Group,Vendas de Galizes,199
"Lowe, Quigley and Kshlerin",Kiamba,201
Jast-Wehner,Waiwejak,287
Kuhlman-Hirthe,Na Wa,298
"Purdy, Feest and Rolfson",Kraljevo,124
Stokes-Rohan,La Esperanza,204
Auer Group,Kivertsi,77
"Lowe, Koss and Littel",Loja,103
Bergstrom-Jaskolski,Juncalito Abajo,281
"Keebler, Mills and Tillman",Louriceira,66
Heathcote Inc,Patulul,288
"Marks, Jaskolski and Howell",Chrząstowice,155
Johns-Schroeder,Maru,76
Johns and Sons,Gunungsubang,286
Fritsch-Braun,Shihua,52
"Thiel, Bradtke and Eichmann",Karangasem,299
Farrell Inc,Tovačov,212
"Harvey, Borer and Runolfsson",Babakanjaya,97
Boehm and Sons,Mariana,59
"Heathcote, Runolfsdottir and Hoeger",Eskilstuna,142
Sporer and Sons,Neebing,227
"Lind, Renner and Cassin",Girang,58
Leuschke and Sons,Gjøvik,289
"Weimann, Frami and Mohr",Hengyang,233
"Berge, Walsh and Langosh",Enriquillo,299
Runolfsdottir-Mayert,San José,289
Heller-Green,Osnabrück,156
Senger-Walter,Zhuli,176
Huels-Mitchell,Bastan,132
Mills-Gleichner,Desa Gegempalan,278
"Glover, O'Conner and Mante",Katsina-Ala,256
"McClure, Labadie and O'Keefe",Batroûn,297
"Kub, Williamson and Runolfsdottir",Göteborg,287
"McClure, D'Amore and Greenholt",Gaoyu,68
Satterfield-Kilback,Sindangsari,214
Kuvalis Inc,Wonda,297
White-Lemke,Yuhe,290
Thompson-Kris,Kandang Timur,178
Crooks-Heathcote,Xilópolis,82
Cole Inc,Humble,258
"Harber, Wilderman and Bruen",Vélo,180
"Collier, Kirlin and Lang",Mito-shi,193
"Hayes, Greenholt and Donnelly",Osby,195
MacGyver LLC,Parelhas,92
"Russel, DuBuque and Wyman",Ciakar,147
Conn-Prohaska,Lavadorinhos,173
Trantow-Cruickshank,Kyaiklat,235
Gerhold-Huel,Matsuyama,144
Hahn-Cole,Hamonggolele,74
Wyman Inc,Verkhnyaya Khava,142
"Parker, Runolfsson and Collins",Göteborg,54
Kerluke Inc,Stockholm,295
"Legros, Schmidt and Cummings",Priboj,254
"Kutch, Pagac and Block",Mattaldi,206
Johns LLC,Vulcan,194
"Langosh, Bayer and Windler",Kebonsari,288
Jerde-D'Amore,Cikou,59
Goldner-Bernhard,Paradahan,142
Borer-O'Kon,Trondheim,103
Hand Group,Nowshera Cantonment,56
Russel Inc,Yanling,176
White-Upton,Yangjinzhuang,219
Stiedemann-Bartoletti,Tartu,54
Powlowski and Sons,Gavião,202
"Johnston, Kessler and Hauck",Berëzovyy,106
"Rosenbaum, Turner and Anderson",Chapadinha,211
"Hyatt, Altenwerth and Ullrich",Impalutao,182
Russel-Swift,Fengping,246
O'Conner-Murphy,Dārchulā,51
Barton Group,Strizhi,183
Bosco-Wintheiser,Chandal Bā’ī,182
Hahn and Sons,Qigzhi,260
Kessler-Ernser,Vänersborg,243
"Casper, Larkin and Kris",Tatebal,244
Hudson-Batz,Yuanshanzi,203
Streich-Rippin,Bilad,198
Gislason-DuBuque,Corvite,216
Kihn and Sons,Songwon,201
Cremin-Reichert,Pangao,95
Runolfsson-Metz,Gorichevo,266
"Yundt, O'Connell and Hickle",Fort Wayne,216
"Jones, Barton and Smitham",Drakhtik,251
"Borer, Koelpin and Howe",‘Arīshah,266
"Leannon, Conroy and Kuhlman",Hengshui,255
"Corwin, Steuber and Botsford",Xiatang,253
Barrows-Greenholt,Yutou,252
"Gaylord, Heathcote and Effertz",Lisui,256
Harvey-Glover,Azua,154
Witting-Murphy,Tabuny,179
"Frami, Hyatt and Macejkovic",Bicas,53
"Smith, Mayer and Smitham",Zhucun,124
Mayert-Little,Yangshuo,111
"Schmidt, O'Hara and Hilll",Hengyang,223
O'Connell-Moen,Laprida,244
Rice-Koelpin,Montpellier,222
"O'Connell, Kuvalis and Cartwright",Xindong,278
"Yost, Durgan and Cormier",Caimitillo,271
Harvey-McCullough,Mâcon,261
Bednar-Dooley,Týn nad Vltavou,168
"Bailey, Satterfield and Hettinger",Bayḩān,201
Effertz Group,Butere,150
Walsh-Metz,Mashiko,208
"Rogahn, Bahringer and Hilll",Jaru,260
"Oberbrunner, Leffler and Denesik",Yamoto,273
"Emard, Hayes and Hackett",Odolanów,195
Leuschke-Waters,Zhirnovsk,282
Weber-Abbott,Amsterdam Nieuw West,94
"Ondricka, Pfeffer and Willms",Bobon,195
Corkery Group,Cikadu,273
Blick Inc,Dongqiao,72
Beahan LLC,Jiazi,266
Considine and Sons,Dahu,298
Pfeffer-Nicolas,San Kamphaeng,157
"Skiles, Gutmann and Lesch",An Lão,126
McLaughlin-DuBuque,Sakon Nakhon,111
Glover-Bernhard,Tambong,214
"Thompson, Kertzmann and Renner",Ilagan,248
"Wisoky, Schumm and Hagenes",Wuyang,160
"Medhurst, Kunde and Eichmann",Västanfjärd,273
Prohaska-Reichel,Santa Ana,151
Jacobson-Boehm,Nong Hin,236
Boyer-Bogisich,Płońsk,197
Brekke LLC,Estancia,71
Nicolas-Hammes,Sietesz,120
Abbott Group,Qal‘ah-ye Kūf,186
Green Inc,Janagdong,267
Lemke and Sons,Raojān,228
Lockman Group,Magangué,140
"Haag, Gislason and Rosenbaum",Lanas,136
Adams-Kertzmann,Wa,184
Blick-Bashirian,Blagodarnyy,223
Johns-Cruickshank,Umeå,236
Hilll-Lehner,Saint Andrews,143
"Bogan, Rowe and Stoltenberg",Sirājganj,92
"Wunsch, Beahan and Schuppe",Doyong,175
"Mohr, Pacocha and Weimann",Bol’shoy Karay,276
Collins and Sons,Wattala,216
"Nicolas, Stanton and Feeney",Saint-Laurent-du-Var,266
Thiel and Sons,Skore,277
Runolfsdottir and Sons,Tromsø,78
Hackett-Zieme,Mungui,51
"Gerlach, Stokes and Raynor",Mangai,72
"Von, Deckow and Lubowitz",Chelyabinsk,251
"Cole, Jacobs and Dicki",Jaworzynka,160
"Rau, Graham and Ernser",Gœsdorf,142
Carroll LLC,Weligama,53
Witting Inc,Sipirok,253
Gerhold-Pfeffer,Ciela Lebak,297
Buckridge LLC,Melekeok Village,162
Harber-Baumbach,Santo Adrião Vizela,67
Steuber-Gaylord,Gangu Chengguanzhen,51
"Schaefer, Mann and Schumm",Passos,228
Abshire-Cartwright,Padasono,200
Abbott-Reilly,Kupchino,266
Mosciski Inc,Vilares,296
"Bayer, Jones and Bartoletti",Markópoulo,194
"Kuvalis, Strosin and Gusikowski",Darunban,243
Zboncak-Schiller,Maastricht,163
"Kiehn, Metz and Parisian",Tessalit,269
Keeling Group,Rimbo,283
Russel LLC,Koran,181
"Tremblay, Casper and Emard",Santa Cruz La Laguna,232
Von and Sons,Nakonde,100
O'Hara-O'Connell,Nîmes,104
Carter-Hayes,Tianzhen,147
Konopelski and Sons,Tourcoing,111
"Rice, Pfeffer and Buckridge",Omaha,76
Runolfsdottir-Simonis,Patong,118
"Roberts, Stokes and McKenzie",Matamey,296
Lehner-Hane,Oak Bay,120
Ferry and Sons,Caxito,210
Schuppe and Sons,Caldono,73
Cremin LLC,Bagahanlad,156
Borer Inc,Gapuk,282
Kunde-Douglas,Manhush,184
Herman-Howe,Le Pontet,112
"Schoen, Volkman and Maggio",Mayuge,123
Hettinger Inc,Bergen,182
Huel and Sons,Suwa,236
"Carter, Brakus and Grimes",Çepan,156
Rohan LLC,Pieńsk,157
"Gibson, Rippin and Dickinson",Majan,135
Sawayn and Sons,Nykarleby,160
Berge and Sons,Mosopa,244
Williamson-Buckridge,Grande Rivière du Nord,105
"Hayes, Mitchell and Stoltenberg",Laidian,135
"Kemmer, Sporer and Wisozk",Larvik,150
Jacobi-Connelly,Jasaan,299
"Corwin, Schaefer and Schamberger",Xiongzhang,234
Schimmel Inc,Piraí,268
Treutel-Abshire,Kortkeros,217
Hodkiewicz LLC,Maigo,159
"Schneider, Langosh and Hartmann",Dongfeng,274
"Towne, Crooks and Hand",Pszczew,222
"Schmitt, Watsica and Schneider",Antwerpen,203
"Ruecker, Reynolds and Cummerata",Lankaran,300
Mosciski-Lynch,San Francisco,234
"Bauch, Schmidt and Anderson",Haruai,260
Schowalter Inc,Butel,284
Grady Group,Vale de Açores,272
Ryan-Blick,Wattegama,261
"Thompson, Schoen and Treutel",Āwash,144
Mosciski-Walker,Calceta,234
Swift and Sons,Krapina,278
Koepp Group,Tuusula,285
MacGyver Group,Delvinë,103
Shanahan LLC,Ljungsbro,158
"Terry, Howell and Lang",Zamoskvorech’ye,177
Abernathy LLC,Dabu,216
Bashirian-Labadie,Louredo,270
Rippin Inc,Krapyak Kidul,206
Oberbrunner-Runolfsson,Salamnunggal,108
Stehr Inc,Hujiagou,246
Kovacek Group,Langue,229
Jacobi LLC,Shāhīn Dezh,135
Ferry-Witting,Candelaria,101
Cremin LLC,Combita,204
Ruecker Inc,Baška Voda,68
"Farrell, Gulgowski and Bahringer",Sioah,229
"Boyer, Funk and Gislason",Agbannawag,218
Pfeffer Group,Emalgolin Mongolzuxiang,289
Johnston-Rohan,Zhengdonglu,88
Fadel-Hilpert,Maszkienice,212
Conroy-O'Keefe,Tongjing,290
"Weber, Trantow and Nienow",Changmaoling,191
Schinner-Steuber,Shūkat aş Şūfī,125
"Hintz, Miller and Schuster",Sepahua,227
Skiles Inc,Bzenec,185
"Dare, Carroll and Paucek",Catujal,154
Hayes-Beatty,Changtang,179
"Roob, Weissnat and Shanahan",Mvuma,220
Lynch-Zieme,Danghara,218
Turcotte and Sons,Hammam Sousse,121
"Reichert, Hessel and Kerluke",Leyuan,216
"Connelly, Toy and Shanahan",Albrechtice,84
Bins and Sons,Księżpol,225
Quitzon Inc,Welkom,60
"Jast, Lang and Goldner",Reggio Calabria,276
Crist-Torphy,Hošťka,167
Ullrich-Lubowitz,Karangpapak,213
Mitchell and Sons,Linares,217
Kautzer Inc,Balangpule,117
Dicki-Stracke,Nueve de Julio,66
McCullough-Conn,Fleury-les-Aubrais,64
Spinka-Lang,Kefar Tavor,184
"Upton, Waelchi and Hessel",Oliveiras,235
Friesen LLC,A-da-Gorda,262
Beer-Abshire,Södertälje,50
"Marvin, Sipes and Larkin",Memphis,132
Denesik LLC,Luzhou,251
Kozey LLC,Claremont,243
"Mraz, Leuschke and Stanton",Siewierz,119
Okuneva-Miller,Yanggan,119
Klocko LLC,Cikandang,136
Schoen Group,Waitun,74
Roob Inc,Jalatrang,156
"Schaefer, Runte and Hills",Tiberias,252
Hauck-Mertz,Wuku,54
"Kuvalis, Macejkovic and Gorczany",Pardesiyya,198
Cruickshank-Huel,Goris,166
Rice-Bechtelar,Ambato,255
"Green, Becker and Spinka",Wanganui,201
Schmidt LLC,Sebedo,297
"Considine, Wolf and Franecki",Chasŏng,154
Hermann-Crona,Hunkuyi,254
"Kiehn, Nader and Dickinson",Shangsanji,289
"Abshire, Legros and Treutel",Czchów,62
Conn and Sons,Sugcad,92
"Kunze, Wilkinson and Kunde",Međa,122
Schinner-Armstrong,Puncaksari,233
Schultz-O'Reilly,Jutrosin,187
Koelpin-Schmeler,Makanya,258
"Bechtelar, Weimann and Marvin",San Bernardino,135
O'Keefe and Sons,Jelisavac,188
"Feil, Brekke and Bechtelar",Lupane,95
"Streich, Mertz and Barrows",Gaoshi,72
Rohan-Bosco,Chor,63
Wolff-Flatley,Aduo,96
Hilpert-Hane,Chaowai,222
"Hegmann, Pacocha and Bahringer",Praimarada,68
Schroeder-Torp,Shijiao,212
Casper LLC,Thoeng,182
Waelchi-Lakin,Ejigbo,294
Schneider and Sons,Mbandaka,54
"Quigley, Sporer and Nienow",Danxi,104
Buckridge-Weimann,Yezhou,283
"Crist, Stiedemann and Moen",Plasy,270
Rempel-Larson,Borlänge,125
"Hickle, Koss and Quitzon",Yongdong,66
Connelly-Ernser,Lagoa da Prata,230
"Larson, Kiehn and Padberg",Koungheul,169
"Langosh, Bartoletti and Torp",Purwokerto,274
"Ebert, Gaylord and Miller",Manhiça,168
Gorczany Group,Xialu,110
"Senger, Bradtke and Turner",Nortelândia,71
"Hansen, Pacocha and Bailey",Vila Pouca da Beira,297
Reichel-Funk,Neiguan,55
Sipes LLC,Astanajapura,269
Schulist-Dibbert,Holoriang,192
"Langosh, Jacobson and Watsica",Sv. Anton,288
Schoen and Sons,Zhuanshui,247
"Bins, Lindgren and Johnson",Chambar,153
"Kuvalis, Nicolas and Swaniawski",Saynshand,193
Mraz-Kovacek,Telnice,221
Oberbrunner-Runolfsson,Betania,217
Langworth LLC,Hato Mayor del Rey,121
"Sauer, Lockman and Yost",Moholm,59
Cummings and Sons,Vília,139
"Nader, Brekke and Kunze",Majie,248
Davis-Ward,Toukh,298
"Bartoletti, Osinski and Lowe",Perches,224
Greenfelder Group,Akzhal,73
Konopelski-Grimes,Handaqi,106
Champlin-Beahan,Örebro,158
Trantow-Weissnat,Lipahan,163
Braun-Raynor,Tha Bo,262
Hauck-Schowalter,Margahayu,157
Bernhard Group,Otoka,282
"Blick, Johns and Zulauf",Akureyri,61
Fisher-Rippin,Tobi Village,66
"Cormier, Koss and Effertz",Shiniu,156
Gleichner Inc,Luofang,275
Douglas-Yost,Qingyuan,175
Ritchie-Kuhic,Baoyang,299
"Tillman, Schiller and Klocko",Murmashi,266
"Larson, Nicolas and Kassulke",Mulyo,95
Larkin-Lebsack,Morelos,216
Bernhard-Trantow,Orita Eruwa,208
"Hayes, Turner and Rogahn",Nusajaya,135
Bailey LLC,Xinning,129
"Ondricka, Walker and Gaylord",Erdao,145
Homenick and Sons,Portela,231
Koss-Walker,Krasnodar,271
Connelly Group,Shazhuang,227
Dibbert Group,Brylivka,213
Hammes-Schulist,Lingqian,70
"Swift, Hettinger and Wintheiser",Taimaman,122
Kassulke-Wyman,Siukh,76
Terry-Boehm,Amnat Charoen,187
Conn Inc,Ncue,64
"Wilkinson, Davis and Grady",Plast,227
"Bergstrom, Lueilwitz and Rogahn",Zarasai,243
Homenick-Stiedemann,Taihe,172
Sporer and Sons,Strelitsa,174
Rowe-Gottlieb,Sobral,205
Wintheiser and Sons,Camino Real,240
"Stehr, Bogisich and Collins",Cheremnoye,205
"Champlin, Fay and Ryan",Bultfontein,155
Conn-Ullrich,Lasiana,231
"Effertz, Boyer and Koepp",Kedungasem,186
Kihn and Sons,Lizhuangzi,152
Koepp and Sons,Krasnyye Barrikady,231
Moore-Kemmer,Oslo,125
"Dach, Abbott and Littel",El Nido,150
Zulauf-Lang,Xiaping,266
Schuppe-Kiehn,Vítkov,149
Hartmann-Lesch,Tawau,140
"Jacobs, Funk and Johns",Changzhi,91
Schultz Group,Novi Itebej,271
Klocko and Sons,Alemanguan,115
Price-Farrell,Tafí Viejo,226
Russel-Stehr,Mengla,171
Rath Inc,Huangzhai,51
Hayes-Dooley,Beit Horon,271
Waelchi-Abshire,Dalheim,79
"Harvey, Wyman and Mayert",Cipinang,294
"Shields, Moore and Graham",Wasagu,197
"Osinski, O'Keefe and Greenholt",Kandhkot,132
"McClure, Keeling and Huel",Sinacaban,143
"Erdman, Schinner and Lind",Liulang,224
"Stark, Mills and Durgan",Hepingyizu,228
Buckridge and Sons,Jember,191
"Becker, Okuneva and Borer",Évreux,287
Grady Inc,Yishi,272
"Roberts, Price and Walsh",Gumawang,270
"Klein, Lemke and Jaskolski",Stavyshche,284
"Waelchi, Upton and Runolfsdottir",El Corozo,137
Botsford and Sons,Khosta,281
Yost-Langosh,Zelenodolsk,198
"Beer, Schmitt and Goyette",Moutsamoudou,194
"Gleichner, Volkman and Kautzer",Sibiti,89
Swift Inc,Nässjö,66
"Hamill, Collier and Halvorson",Vichuga,96
"Moen, Goyette and Heathcote",Jiangwei,224
"Bauch, Franecki and Hand",Prang Ku,92
Yost Inc,Sapang Buho,173
Conn-McCullough,Changlu,168
"Prosacco, Mertz and Labadie",Kokstad,88
Grady-Gottlieb,Mendes,173
Okuneva-Kirlin,Dongjiao,92
"Kertzmann, Wehner and O'Connell",Gaojian,94
"Mayer, Yundt and Brakus",Guarulhos,252
Bashirian Inc,Meilin,237
Gerlach Group,Avignon,71
"Lakin, Schamberger and Grady",Voznesen’ye,228
Senger Inc,Langkap,116
Will and Sons,Maracaju,161
Casper Inc,Laocheng,127
Rath LLC,Kenitra,166
Rodriguez-Waters,Hwawŏn,152
"Blick, Dickinson and Ankunding",Gressier,150
Johnston-Willms,Maliuzui,196
Gibson-D'Amore,Pung-Pang,87
"Bins, Jacobson and Bergstrom",Alacaygan,223
"Larson, Stokes and Buckridge",Balzar,114
"Langosh, Botsford and Metz",Czarnożyły,221
Prohaska-Price,Marseille,215
Waters Group,Opaka,297
Williamson and Sons,Banī Ḩassān,228
Wisoky LLC,Digah,139
"Kunze, Schoen and Doyle",Sokolov,122
Roberts LLC,Cahors,54
Stamm and Sons,Guacamaya,92
Pfeffer LLC,Xianchiyu,242
Stamm-Powlowski,Natitingou,240
"Kunze, Reichert and Hickle",Litvínovice,88
Hansen-Rutherford,Thanh Ba,79
Beier and Sons,Volzhskiy,157
"Kozey, Zemlak and Turner",Anyu,190
Langosh LLC,Condado,67
Goyette LLC,Lovran,294
Kreiger LLC,Novoul’yanovsk,72
Toy LLC,Padaran,131
Frami-Moore,Angan,231
Hickle Group,Elassóna,275
Murphy-Zemlak,Barbaza,173
Cremin LLC,Kuantan,208
Nicolas Group,Sukaraja,94
Baumbach Group,Tianzhu,89
"Nikolaus, Daniel and Beahan",Curahkalak Tengah,201
Spinka-Marks,Kathmandu,115
"Sanford, Price and Emard",Berezanka,261
"Zemlak, Paucek and Steuber",Borodinskiy,199
Kshlerin and Sons,Hashtgerd,236
Homenick-Weissnat,Elías,231
Doyle-Becker,Montréal-Ouest,68
Mayer Inc,Dodu Dua,143
Terry-Hayes,Žleby,119
"Blanda, Brekke and Stamm",Forquilhinha,51
"Zulauf, Schulist and Olson",Georgīevka,203
Stokes-Wiegand,Rikitgaib,95
"Schaden, Beier and Orn",Al Qarārah,199
"Greenfelder, Mohr and Ledner",San Vicente,266
Hirthe LLC,Shilibu,169
Carroll and Sons,Pandakan,94
Fay-Breitenberg,Paraíso,52
Cole-Bashirian,Sambirobyong,56
"Rowe, Simonis and Baumbach",Xiangshan,231
"Rodriguez, Ferry and Lubowitz",Plyussa,243
"Goodwin, Douglas and Kuvalis",Albany,77
"Friesen, Thiel and Simonis",Dan Khun Thot,123
Denesik Inc,Honda,269
Weber-Bechtelar,Independencia,58
Klocko-Grant,Las Vegas,87
Raynor-Brakus,Rancasadang,80
"Ebert, Graham and Padberg",Simpang Ulim,207
Weimann and Sons,Shaoxing,256
Legros Group,Ngô Đồng,284
Wilkinson-Olson,Malalag,112
Rowe LLC,Rebrikha,244
"Nicolas, Harris and Upton",Kaélé,254
Schamberger-Kerluke,Darpas,245
Murray and Sons,Lyakhovtsy,195
"Cummerata, MacGyver and McClure",Nova Petrópolis,76
Kemmer-Ullrich,Líbeznice,88
"Friesen, Kuhn and Moen",Waiwejak,166
DuBuque Group,Pakalongan,296
Carroll-Kling,Leping,224
Goyette-Fritsch,Heshi,158
Parisian-Tromp,Mełgiew,248
"Koss, Grady and Bartoletti",Jivia,211
"Spinka, Gorczany and Klein",Yangdian,261
"Hodkiewicz, Purdy and Hamill",Karengan,69
Collier-Weissnat,Irvine,131
"Williamson, Skiles and Reynolds",Hodoš,69
Legros-Wolff,Rouen,179
Bradtke-Nitzsche,Nicosia,89
Spinka Group,Sámi,198
Trantow Group,Shāhpur,270
Nicolas Inc,Matiompong,259
Kihn-Armstrong,Yumendong,261
"Bins, Raynor and Gibson",Erenhot,136
Herzog-Barton,Mértola,151
Shanahan LLC,Kamenica,94
Cartwright-Gusikowski,Täby,84
"Altenwerth, Graham and Grady",Arcena Pequena,138
Ledner LLC,Soa,217
Goldner LLC,Barili,149
"Spencer, Dooley and Green",Guanshan,290
Marvin Inc,Digah,249
Schneider-Purdy,Ipojuca,221
"Spinka, Goyette and Reinger",Orlando,272
Kuphal-Trantow,Chiba,262
Walker Group,Timbaúba,155
"Nader, Davis and Cole",Bétérou,262
"Homenick, Schroeder and Crona",Wenceslao Escalante,265
Auer Group,Xuling,138
Corwin LLC,Nigríta,125
Reinger-Larson,Sidomukti,273
"Yost, Hamill and Huel",Lazaro Cardenas,117
Gerhold and Sons,Belanting,166
Klocko-Bailey,Зуунмод,198
Blanda-Stark,Chefchaouene,150
Weissnat LLC,Aleg,135
Weimann Group,Jamalteca,225
Kilback Group,Sarany,262
"Davis, Bergstrom and Mosciski",Hongsipu,139
Olson-McCullough,Priboj,146
Auer-Kovacek,Goubangzi,238
Leffler-Rogahn,Nikita,211
"Runolfsdottir, Bailey and Hirthe",Longbu,239
Wiegand-Runolfsson,Munkedal,54
"Purdy, Denesik and Funk",Zemun,155
Gerhold and Sons,Echarate,231
Macejkovic Inc,Pingshanhu,187
Anderson-Jones,Tahoua,221
Cole and Sons,Bhamdoûn el Mhatta,146
Ondricka-Considine,Braço do Norte,163
Schiller-Gleichner,Montego Bay,122
"Oberbrunner, Hand and Streich",Changle,153
Reynolds-Feeney,Ust’ye,160
Jakubowski-Wolff,Oklahoma City,198
"Lemke, Stamm and Walter",Cincinnati,218
O'Keefe-Grimes,Xaysetha,68
"Runolfsson, Toy and Hirthe",Skidal’,85
Bernier-Hoppe,Oslo,240
Mueller-Hermann,Xia’ertai,66
Howe LLC,Chyżne,83
Corwin Group,Jājarm,181
Lesch-Jacobs,Concordia,132
Osinski LLC,Thawat Buri,57
McClure Group,Kungsbacka,212
Murphy-Price,Rešetari,59
Kling-Wisoky,Oyabe,201
Larkin-Kuhlman,Changshu City,250
"O'Kon, Donnelly and Fay",Huanghe,69
Corwin-Turcotte,Reforma,228
"Pouros, Hills and Stamm",Anbyŏn-ŭp,117
"Collier, Aufderhar and Auer",Yantang,177
Feil-Rutherford,Bulu,156
"McCullough, Funk and Mayer",Masoli,299
"Hickle, Pagac and Jacobi",As Sūsah,190
Schulist LLC,Grand Junction,124
Collins LLC,Mansa,160
"Beatty, Vandervort and Gerlach",La Rochelle,152
Larson LLC,Presidente Epitácio,173
"Mann, Herzog and Heaney",Trincomalee,110
Lockman-Hessel,Xiadong,58
Medhurst LLC,Kargasok,61
"Reichert, Tillman and Renner",Clermont-Ferrand,253
Block-Lemke,Bealanana,156
Conn-Hudson,Mende,260
Stanton-Murazik,Gaoyao,193
Schroeder-White,Malim,164
"Pollich, Larson and Rosenbaum",El Progreso,260
Koelpin-Blick,Hatava,119
"Williamson, Durgan and D'Amore",Yong’an,65
Heaney Group,Silver Spring,298
Hudson Inc,Phoenix,215
Glover-Murray,Suan Luang,175
"Braun, Hammes and Beahan",Martakert,105
Harber-Rath,Karangbadar Kidul,128
"Trantow, Herzog and Greenholt",Yacheng,214
Kuhlman LLC,Jaleswar,280
Kertzmann and Sons,Turośń Kościelna,130
Steuber and Sons,Manganitu,126
Muller LLC,Rivière-du-Loup,67
"Crona, Ferry and Ratke",Sananrejo,104
O'Keefe-Stamm,Xindong,53
"Doyle, Berge and Schmeler",Padangguci,89
Hirthe Inc,Licuan,84
"Legros, Haag and Schumm",Los Santos,76
Berge-Hane,Huangcun,133
Leffler Group,Beraim,173
Crooks Group,Nîmes,269
Russel-Anderson,Dangcalan,244
"Orn, Emard and Frami",Hanam,77
"Walker, Macejkovic and Leffler",Kināna,290
"Kuhic, Flatley and Runolfsdottir",Eskilstuna,152
Dietrich-Murphy,Columbia,263
Bahringer-Zulauf,Halmstad,94
Howe-Kshlerin,Rogoza,206
Hermiston-Reilly,Kubangsari,255
Kemmer-Beier,Khursā,282
Blanda-Johnson,Icheon-si,185
"Hirthe, Kunze and Lemke",Tobi Village,140
"Osinski, Mosciski and Trantow",Mons,293
Cremin and Sons,Qingxi,256
Barton Group,Novovasylivka,298
Hagenes-Gerhold,Pasiraman,68
"Waters, Medhurst and Gorczany",Artemivs’k,188
Larson and Sons,Nakhon Sawan,215
Heaney-Batz,Vikhorevka,173
"Stroman, Erdman and Bode",Darnah,273
Wolf-Mills,Matnah,57
Crooks Group,Chengzhai,166
Witting-Reichel,Baiqi,135
Gerlach-Friesen,Xinfeng,89
Williamson-Stehr,Wąbrzeźno,156
"Schiller, Cassin and Satterfield",Zakamensk,262
"O'Reilly, Senger and Carroll",Tangjiakou,262
Gleichner-Mraz,Marquard,171
"Cormier, Hoeger and Mann",Adelaide,297
"Zboncak, Moore and Block",Nusajaya,274
Hilll LLC,Jetis,213
McCullough LLC,Kemlya,247
"Altenwerth, Torp and Hayes",Blaye,268
"Marvin, Block and Kilback",Ramaram,271
O'Conner-Gusikowski,Brotas,177
Bayer-Green,Baishui,131
Brakus and Sons,Geyuan,245
Farrell Group,Honghua’erji,89
Deckow-Lehner,Borogontsy,145
Conn and Sons,Velikiye Luki,139
Howe Inc,Zhongguan,105
Robel-Heller,Ustrzyki Dolne,133
Volkman-Jast,Babakanjaya,129
Brakus LLC,Xujiadian,216
"Glover, Kulas and McDermott",Longyuanba,95
Welch-Cronin,Tungelsta,150
Kerluke and Sons,Onega,291
"Mayer, Olson and Bednar",Thành Phố Hạ Long,278
"Anderson, Schaden and Ondricka",Itaberaí,204
"Collier, Homenick and Ward",Saladas,283
"Schulist, Douglas and Bauch",Mawza‘,204
"Romaguera, Bosco and Considine",Prelog,180
"Schoen, Jaskolski and Anderson",Orléans,193
VonRueden Group,Apače,273
Wolf Inc,Padurung,178
"Fritsch, Marquardt and Muller",Pomerode,55
Orn-Rippin,Reguengos de Monsaraz,101
Powlowski Inc,Aimorés,169
Prohaska-Schaefer,Liuxia,172
Yundt LLC,Lukou,254
Gerlach LLC,Rucava,53
Kunde Inc,Vale de Santarém,249
Berge Inc,Akebielidou,230
Kuhlman-Pagac,Kikuchi,168
Kerluke-Huels,Binawara,203
Rosenbaum LLC,Ngreco,278
Reinger-Monahan,Zarqa,178
Kautzer Inc,Angra dos Reis,277
Hansen LLC,Sarae,98
Collier-Hayes,Balibagan Oeste,259
Weissnat Group,Jiulong,111
Senger Group,Ledok,171
"Jaskolski, Schumm and Bernier",Martakert,194
"Haag, Casper and O'Hara",Zhongcun,200
"Lueilwitz, Schaden and Aufderhar",Notre-Dame-de-l'Île-Perrot,255

